Q1.1, http://ceur-ws.org/Vol-1006/paper2.pdf
Q1.2, http://ceur-ws.org/Vol-1044/paper-01.pdf
Q1.3, http://ceur-ws.org/Vol-1116/paper1.pdf
Q1.4, http://ceur-ws.org/Vol-1116/paper6.pdf
Q1.5, http://ceur-ws.org/Vol-1184/ldow2014_paper_02.pdf
Q1.6, http://ceur-ws.org/Vol-1215/paper-05.pdf
Q1.7, http://ceur-ws.org/Vol-1303/paper_4.pdf
Q1.8, http://ceur-ws.org/Vol-1313/paper_11.pdf
Q1.9, http://ceur-ws.org/Vol-1313/paper_13.pdf
Q1.10, http://ceur-ws.org/Vol-1313/paper_14.pdf
Q1.11, http://ceur-ws.org/Vol-1313/paper_4.pdf
Q1.12, http://ceur-ws.org/Vol-1315/paper15.pdf
Q1.13, http://ceur-ws.org/Vol-1315/paper3.pdf
Q1.14, http://ceur-ws.org/Vol-1315/paper8.pdf
Q1.15, http://ceur-ws.org/Vol-1317/om2014_Tpaper5.pdf
Q1.16, http://ceur-ws.org/Vol-1317/om2014_poster3.pdf
Q1.17, http://ceur-ws.org/Vol-1317/om2014_poster4.pdf
Q1.18, http://ceur-ws.org/Vol-1317/om2014_poster8.pdf
Q1.19, http://ceur-ws.org/Vol-1319/morse14_paper_04.pdf
Q1.20, http://ceur-ws.org/Vol-1320/paper_25.pdf
Q1.21, http://ceur-ws.org/Vol-1405/paper-02.pdf
Q1.22, http://ceur-ws.org/Vol-1405/paper-03.pdf
Q1.23, http://ceur-ws.org/Vol-1405/paper-04.pdf
Q1.24, http://ceur-ws.org/Vol-1405/paper-07.pdf
Q1.25, http://ceur-ws.org/Vol-1504/uai2015aci_abstract2.pdf
Q1.26, http://ceur-ws.org/Vol-1531/paper2.pdf
Q1.27, http://ceur-ws.org/Vol-1531/paper4.pdf
Q1.28, http://ceur-ws.org/Vol-1531/paper8.pdf
Q1.29, http://ceur-ws.org/Vol-1554/PD_MoDELS_2015_paper_3.pdf
Q1.30, http://ceur-ws.org/Vol-1554/PD_MoDELS_2015_paper_5.pdf
Q1.31, http://ceur-ws.org/Vol-1554/PD_MoDELS_2015_paper_6.pdf
Q1.32, http://ceur-ws.org/Vol-1558/paper5.pdf
Q1.33, http://ceur-ws.org/Vol-1558/paper9.pdf
Q1.34, http://ceur-ws.org/Vol-1559/paper04.pdf
Q1.35, http://ceur-ws.org/Vol-1559/paper05.pdf
Q1.36, http://ceur-ws.org/Vol-1559/paper07.pdf
Q1.37, http://ceur-ws.org/Vol-1560/paper2.pdf
Q1.38, http://ceur-ws.org/Vol-1565/bmaw2015_paper4.pdf
Q1.39, http://ceur-ws.org/Vol-1565/bmaw2015_paper8.pdf
Q1.40, http://ceur-ws.org/Vol-1567/paper2.pdf
Q2.1, http://ceur-ws.org/Vol-1006/paper2.pdf
Q2.2, http://ceur-ws.org/Vol-1044/paper-01.pdf
Q2.3, http://ceur-ws.org/Vol-1116/paper1.pdf
Q2.4, http://ceur-ws.org/Vol-1116/paper6.pdf
Q2.5, http://ceur-ws.org/Vol-1184/ldow2014_paper_02.pdf
Q2.6, http://ceur-ws.org/Vol-1215/paper-05.pdf
Q2.7, http://ceur-ws.org/Vol-1303/paper_4.pdf
Q2.8, http://ceur-ws.org/Vol-1313/paper_11.pdf
Q2.9, http://ceur-ws.org/Vol-1313/paper_13.pdf
Q2.10, http://ceur-ws.org/Vol-1313/paper_14.pdf
Q2.11, http://ceur-ws.org/Vol-1313/paper_4.pdf
Q2.12, http://ceur-ws.org/Vol-1315/paper15.pdf
Q2.13, http://ceur-ws.org/Vol-1315/paper3.pdf
Q2.14, http://ceur-ws.org/Vol-1315/paper8.pdf
Q2.15, http://ceur-ws.org/Vol-1317/om2014_Tpaper5.pdf
Q2.16, http://ceur-ws.org/Vol-1317/om2014_poster3.pdf
Q2.17, http://ceur-ws.org/Vol-1317/om2014_poster4.pdf
Q2.18, http://ceur-ws.org/Vol-1317/om2014_poster8.pdf
Q2.19, http://ceur-ws.org/Vol-1319/morse14_paper_04.pdf
Q2.20, http://ceur-ws.org/Vol-1320/paper_25.pdf
Q2.21, http://ceur-ws.org/Vol-1405/paper-02.pdf
Q2.22, http://ceur-ws.org/Vol-1405/paper-03.pdf
Q2.23, http://ceur-ws.org/Vol-1405/paper-04.pdf
Q2.24, http://ceur-ws.org/Vol-1405/paper-07.pdf
Q2.25, http://ceur-ws.org/Vol-1504/uai2015aci_abstract2.pdf
Q2.26, http://ceur-ws.org/Vol-1531/paper2.pdf
Q2.27, http://ceur-ws.org/Vol-1531/paper4.pdf
Q2.28, http://ceur-ws.org/Vol-1531/paper8.pdf
Q2.29, http://ceur-ws.org/Vol-1554/PD_MoDELS_2015_paper_3.pdf
Q2.30, http://ceur-ws.org/Vol-1554/PD_MoDELS_2015_paper_5.pdf
Q2.31, http://ceur-ws.org/Vol-1554/PD_MoDELS_2015_paper_6.pdf
Q2.32, http://ceur-ws.org/Vol-1558/paper5.pdf
Q2.33, http://ceur-ws.org/Vol-1558/paper9.pdf
Q2.34, http://ceur-ws.org/Vol-1559/paper04.pdf
Q2.35, http://ceur-ws.org/Vol-1559/paper05.pdf
Q2.36, http://ceur-ws.org/Vol-1559/paper07.pdf
Q2.37, http://ceur-ws.org/Vol-1560/paper2.pdf
Q2.38, http://ceur-ws.org/Vol-1565/bmaw2015_paper4.pdf
Q2.39, http://ceur-ws.org/Vol-1565/bmaw2015_paper8.pdf
Q2.40, http://ceur-ws.org/Vol-1567/paper2.pdf
Q3.1, http://ceur-ws.org/Vol-1006/paper2.pdf
Q3.2, http://ceur-ws.org/Vol-1044/paper-01.pdf
Q3.3, http://ceur-ws.org/Vol-1116/paper1.pdf
Q3.4, http://ceur-ws.org/Vol-1116/paper6.pdf
Q3.5, http://ceur-ws.org/Vol-1184/ldow2014_paper_02.pdf
Q3.6, http://ceur-ws.org/Vol-1215/paper-05.pdf
Q3.7, http://ceur-ws.org/Vol-1303/paper_4.pdf
Q3.8, http://ceur-ws.org/Vol-1313/paper_11.pdf
Q3.9, http://ceur-ws.org/Vol-1313/paper_13.pdf
Q3.10, http://ceur-ws.org/Vol-1313/paper_14.pdf
Q3.11, http://ceur-ws.org/Vol-1313/paper_4.pdf
Q3.12, http://ceur-ws.org/Vol-1315/paper15.pdf
Q3.13, http://ceur-ws.org/Vol-1315/paper3.pdf
Q3.14, http://ceur-ws.org/Vol-1315/paper8.pdf
Q3.15, http://ceur-ws.org/Vol-1317/om2014_Tpaper5.pdf
Q3.16, http://ceur-ws.org/Vol-1317/om2014_poster3.pdf
Q3.17, http://ceur-ws.org/Vol-1317/om2014_poster4.pdf
Q3.18, http://ceur-ws.org/Vol-1317/om2014_poster8.pdf
Q3.19, http://ceur-ws.org/Vol-1319/morse14_paper_04.pdf
Q3.20, http://ceur-ws.org/Vol-1320/paper_25.pdf
Q3.21, http://ceur-ws.org/Vol-1405/paper-02.pdf
Q3.22, http://ceur-ws.org/Vol-1405/paper-03.pdf
Q3.23, http://ceur-ws.org/Vol-1405/paper-04.pdf
Q3.24, http://ceur-ws.org/Vol-1405/paper-07.pdf
Q3.25, http://ceur-ws.org/Vol-1504/uai2015aci_abstract2.pdf
Q3.26, http://ceur-ws.org/Vol-1531/paper2.pdf
Q3.27, http://ceur-ws.org/Vol-1531/paper4.pdf
Q3.28, http://ceur-ws.org/Vol-1531/paper8.pdf
Q3.29, http://ceur-ws.org/Vol-1554/PD_MoDELS_2015_paper_3.pdf
Q3.30, http://ceur-ws.org/Vol-1554/PD_MoDELS_2015_paper_5.pdf
Q3.31, http://ceur-ws.org/Vol-1554/PD_MoDELS_2015_paper_6.pdf
Q3.32, http://ceur-ws.org/Vol-1558/paper5.pdf
Q3.33, http://ceur-ws.org/Vol-1558/paper9.pdf
Q3.34, http://ceur-ws.org/Vol-1559/paper04.pdf
Q3.35, http://ceur-ws.org/Vol-1559/paper05.pdf
Q3.36, http://ceur-ws.org/Vol-1559/paper07.pdf
Q3.37, http://ceur-ws.org/Vol-1560/paper2.pdf
Q3.38, http://ceur-ws.org/Vol-1565/bmaw2015_paper4.pdf
Q3.39, http://ceur-ws.org/Vol-1565/bmaw2015_paper8.pdf
Q3.40, http://ceur-ws.org/Vol-1567/paper2.pdf
Q4.1, http://ceur-ws.org/Vol-1006/paper2.pdf
Q4.2, http://ceur-ws.org/Vol-1044/paper-01.pdf
Q4.3, http://ceur-ws.org/Vol-1116/paper1.pdf
Q4.4, http://ceur-ws.org/Vol-1116/paper6.pdf
Q4.5, http://ceur-ws.org/Vol-1184/ldow2014_paper_02.pdf
Q4.6, http://ceur-ws.org/Vol-1215/paper-05.pdf
Q4.7, http://ceur-ws.org/Vol-1303/paper_4.pdf
Q4.8, http://ceur-ws.org/Vol-1313/paper_11.pdf
Q4.9, http://ceur-ws.org/Vol-1313/paper_13.pdf
Q4.10, http://ceur-ws.org/Vol-1313/paper_14.pdf
Q4.11, http://ceur-ws.org/Vol-1313/paper_4.pdf
Q4.12, http://ceur-ws.org/Vol-1315/paper15.pdf
Q4.13, http://ceur-ws.org/Vol-1315/paper3.pdf
Q4.14, http://ceur-ws.org/Vol-1315/paper8.pdf
Q4.15, http://ceur-ws.org/Vol-1317/om2014_Tpaper5.pdf
Q4.16, http://ceur-ws.org/Vol-1317/om2014_poster3.pdf
Q4.17, http://ceur-ws.org/Vol-1317/om2014_poster4.pdf
Q4.18, http://ceur-ws.org/Vol-1317/om2014_poster8.pdf
Q4.19, http://ceur-ws.org/Vol-1319/morse14_paper_04.pdf
Q4.20, http://ceur-ws.org/Vol-1320/paper_25.pdf
Q4.21, http://ceur-ws.org/Vol-1405/paper-02.pdf
Q4.22, http://ceur-ws.org/Vol-1405/paper-03.pdf
Q4.23, http://ceur-ws.org/Vol-1405/paper-04.pdf
Q4.24, http://ceur-ws.org/Vol-1405/paper-07.pdf
Q4.25, http://ceur-ws.org/Vol-1504/uai2015aci_abstract2.pdf
Q4.26, http://ceur-ws.org/Vol-1531/paper2.pdf
Q4.27, http://ceur-ws.org/Vol-1531/paper4.pdf
Q4.28, http://ceur-ws.org/Vol-1531/paper8.pdf
Q4.29, http://ceur-ws.org/Vol-1554/PD_MoDELS_2015_paper_3.pdf
Q4.30, http://ceur-ws.org/Vol-1554/PD_MoDELS_2015_paper_5.pdf
Q4.31, http://ceur-ws.org/Vol-1554/PD_MoDELS_2015_paper_6.pdf
Q4.32, http://ceur-ws.org/Vol-1558/paper5.pdf
Q4.33, http://ceur-ws.org/Vol-1558/paper9.pdf
Q4.34, http://ceur-ws.org/Vol-1559/paper04.pdf
Q4.35, http://ceur-ws.org/Vol-1559/paper05.pdf
Q4.36, http://ceur-ws.org/Vol-1559/paper07.pdf
Q4.37, http://ceur-ws.org/Vol-1560/paper2.pdf
Q4.38, http://ceur-ws.org/Vol-1565/bmaw2015_paper4.pdf
Q4.39, http://ceur-ws.org/Vol-1565/bmaw2015_paper8.pdf
Q4.40, http://ceur-ws.org/Vol-1567/paper2.pdf
Q5.1, http://ceur-ws.org/Vol-1006/paper2.pdf
Q5.2, http://ceur-ws.org/Vol-1044/paper-01.pdf
Q5.3, http://ceur-ws.org/Vol-1116/paper1.pdf
Q5.4, http://ceur-ws.org/Vol-1116/paper6.pdf
Q5.5, http://ceur-ws.org/Vol-1184/ldow2014_paper_02.pdf
Q5.6, http://ceur-ws.org/Vol-1215/paper-05.pdf
Q5.7, http://ceur-ws.org/Vol-1303/paper_4.pdf
Q5.8, http://ceur-ws.org/Vol-1313/paper_11.pdf
Q5.9, http://ceur-ws.org/Vol-1313/paper_13.pdf
Q5.10, http://ceur-ws.org/Vol-1313/paper_14.pdf
Q5.11, http://ceur-ws.org/Vol-1313/paper_4.pdf
Q5.12, http://ceur-ws.org/Vol-1315/paper15.pdf
Q5.13, http://ceur-ws.org/Vol-1315/paper3.pdf
Q5.14, http://ceur-ws.org/Vol-1315/paper8.pdf
Q5.15, http://ceur-ws.org/Vol-1317/om2014_Tpaper5.pdf
Q5.16, http://ceur-ws.org/Vol-1317/om2014_poster3.pdf
Q5.17, http://ceur-ws.org/Vol-1317/om2014_poster4.pdf
Q5.18, http://ceur-ws.org/Vol-1317/om2014_poster8.pdf
Q5.19, http://ceur-ws.org/Vol-1319/morse14_paper_04.pdf
Q5.20, http://ceur-ws.org/Vol-1320/paper_25.pdf
Q5.21, http://ceur-ws.org/Vol-1405/paper-02.pdf
Q5.22, http://ceur-ws.org/Vol-1405/paper-03.pdf
Q5.23, http://ceur-ws.org/Vol-1405/paper-04.pdf
Q5.24, http://ceur-ws.org/Vol-1405/paper-07.pdf
Q5.25, http://ceur-ws.org/Vol-1504/uai2015aci_abstract2.pdf
Q5.26, http://ceur-ws.org/Vol-1531/paper2.pdf
Q5.27, http://ceur-ws.org/Vol-1531/paper4.pdf
Q5.28, http://ceur-ws.org/Vol-1531/paper8.pdf
Q5.29, http://ceur-ws.org/Vol-1554/PD_MoDELS_2015_paper_3.pdf
Q5.30, http://ceur-ws.org/Vol-1554/PD_MoDELS_2015_paper_5.pdf
Q5.31, http://ceur-ws.org/Vol-1554/PD_MoDELS_2015_paper_6.pdf
Q5.32, http://ceur-ws.org/Vol-1558/paper5.pdf
Q5.33, http://ceur-ws.org/Vol-1558/paper9.pdf
Q5.34, http://ceur-ws.org/Vol-1559/paper04.pdf
Q5.35, http://ceur-ws.org/Vol-1559/paper05.pdf
Q5.36, http://ceur-ws.org/Vol-1559/paper07.pdf
Q5.37, http://ceur-ws.org/Vol-1560/paper2.pdf
Q5.38, http://ceur-ws.org/Vol-1565/bmaw2015_paper4.pdf
Q5.39, http://ceur-ws.org/Vol-1565/bmaw2015_paper8.pdf
Q5.40, http://ceur-ws.org/Vol-1567/paper2.pdf
Q6.1, http://ceur-ws.org/Vol-1006/paper2.pdf
Q6.2, http://ceur-ws.org/Vol-1044/paper-01.pdf
Q6.3, http://ceur-ws.org/Vol-1116/paper1.pdf
Q6.4, http://ceur-ws.org/Vol-1116/paper6.pdf
Q6.5, http://ceur-ws.org/Vol-1184/ldow2014_paper_02.pdf
Q6.6, http://ceur-ws.org/Vol-1215/paper-05.pdf
Q6.7, http://ceur-ws.org/Vol-1303/paper_4.pdf
Q6.8, http://ceur-ws.org/Vol-1313/paper_11.pdf
Q6.9, http://ceur-ws.org/Vol-1313/paper_13.pdf
Q6.10, http://ceur-ws.org/Vol-1313/paper_14.pdf
Q6.11, http://ceur-ws.org/Vol-1313/paper_4.pdf
Q6.12, http://ceur-ws.org/Vol-1315/paper15.pdf
Q6.13, http://ceur-ws.org/Vol-1315/paper3.pdf
Q6.14, http://ceur-ws.org/Vol-1315/paper8.pdf
Q6.15, http://ceur-ws.org/Vol-1317/om2014_Tpaper5.pdf
Q6.16, http://ceur-ws.org/Vol-1317/om2014_poster3.pdf
Q6.17, http://ceur-ws.org/Vol-1317/om2014_poster4.pdf
Q6.18, http://ceur-ws.org/Vol-1317/om2014_poster8.pdf
Q6.19, http://ceur-ws.org/Vol-1319/morse14_paper_04.pdf
Q6.20, http://ceur-ws.org/Vol-1320/paper_25.pdf
Q6.21, http://ceur-ws.org/Vol-1405/paper-02.pdf
Q6.22, http://ceur-ws.org/Vol-1405/paper-03.pdf
Q6.23, http://ceur-ws.org/Vol-1405/paper-04.pdf
Q6.24, http://ceur-ws.org/Vol-1405/paper-07.pdf
Q6.25, http://ceur-ws.org/Vol-1504/uai2015aci_abstract2.pdf
Q6.26, http://ceur-ws.org/Vol-1531/paper2.pdf
Q6.27, http://ceur-ws.org/Vol-1531/paper4.pdf
Q6.28, http://ceur-ws.org/Vol-1531/paper8.pdf
Q6.29, http://ceur-ws.org/Vol-1554/PD_MoDELS_2015_paper_3.pdf
Q6.30, http://ceur-ws.org/Vol-1554/PD_MoDELS_2015_paper_5.pdf
Q6.31, http://ceur-ws.org/Vol-1554/PD_MoDELS_2015_paper_6.pdf
Q6.32, http://ceur-ws.org/Vol-1558/paper5.pdf
Q6.33, http://ceur-ws.org/Vol-1558/paper9.pdf
Q6.34, http://ceur-ws.org/Vol-1559/paper04.pdf
Q6.35, http://ceur-ws.org/Vol-1559/paper05.pdf
Q6.36, http://ceur-ws.org/Vol-1559/paper07.pdf
Q6.37, http://ceur-ws.org/Vol-1560/paper2.pdf
Q6.38, http://ceur-ws.org/Vol-1565/bmaw2015_paper4.pdf
Q6.39, http://ceur-ws.org/Vol-1565/bmaw2015_paper8.pdf
Q6.40, http://ceur-ws.org/Vol-1567/paper2.pdf
Q7.1, http://ceur-ws.org/Vol-1006/paper2.pdf
Q7.2, http://ceur-ws.org/Vol-1044/paper-01.pdf
Q7.3, http://ceur-ws.org/Vol-1116/paper1.pdf
Q7.4, http://ceur-ws.org/Vol-1116/paper6.pdf
Q7.5, http://ceur-ws.org/Vol-1184/ldow2014_paper_02.pdf
Q7.6, http://ceur-ws.org/Vol-1215/paper-05.pdf
Q7.7, http://ceur-ws.org/Vol-1303/paper_4.pdf
Q7.8, http://ceur-ws.org/Vol-1313/paper_11.pdf
Q7.9, http://ceur-ws.org/Vol-1313/paper_13.pdf
Q7.10, http://ceur-ws.org/Vol-1313/paper_14.pdf
Q7.11, http://ceur-ws.org/Vol-1313/paper_4.pdf
Q7.12, http://ceur-ws.org/Vol-1315/paper15.pdf
Q7.13, http://ceur-ws.org/Vol-1315/paper3.pdf
Q7.14, http://ceur-ws.org/Vol-1315/paper8.pdf
Q7.15, http://ceur-ws.org/Vol-1317/om2014_Tpaper5.pdf
Q7.16, http://ceur-ws.org/Vol-1317/om2014_poster3.pdf
Q7.17, http://ceur-ws.org/Vol-1317/om2014_poster4.pdf
Q7.18, http://ceur-ws.org/Vol-1317/om2014_poster8.pdf
Q7.19, http://ceur-ws.org/Vol-1319/morse14_paper_04.pdf
Q7.20, http://ceur-ws.org/Vol-1320/paper_25.pdf
Q7.21, http://ceur-ws.org/Vol-1405/paper-02.pdf
Q7.22, http://ceur-ws.org/Vol-1405/paper-03.pdf
Q7.23, http://ceur-ws.org/Vol-1405/paper-04.pdf
Q7.24, http://ceur-ws.org/Vol-1405/paper-07.pdf
Q7.25, http://ceur-ws.org/Vol-1504/uai2015aci_abstract2.pdf
Q7.26, http://ceur-ws.org/Vol-1531/paper2.pdf
Q7.27, http://ceur-ws.org/Vol-1531/paper4.pdf
Q7.28, http://ceur-ws.org/Vol-1531/paper8.pdf
Q7.29, http://ceur-ws.org/Vol-1554/PD_MoDELS_2015_paper_3.pdf
Q7.30, http://ceur-ws.org/Vol-1554/PD_MoDELS_2015_paper_5.pdf
Q7.31, http://ceur-ws.org/Vol-1554/PD_MoDELS_2015_paper_6.pdf
Q7.32, http://ceur-ws.org/Vol-1558/paper5.pdf
Q7.33, http://ceur-ws.org/Vol-1558/paper9.pdf
Q7.34, http://ceur-ws.org/Vol-1559/paper04.pdf
Q7.35, http://ceur-ws.org/Vol-1559/paper05.pdf
Q7.36, http://ceur-ws.org/Vol-1559/paper07.pdf
Q7.37, http://ceur-ws.org/Vol-1560/paper2.pdf
Q7.38, http://ceur-ws.org/Vol-1565/bmaw2015_paper4.pdf
Q7.39, http://ceur-ws.org/Vol-1565/bmaw2015_paper8.pdf
Q7.40, http://ceur-ws.org/Vol-1567/paper2.pdf
Q8.1, http://ceur-ws.org/Vol-1006/paper2.pdf
Q8.2, http://ceur-ws.org/Vol-1044/paper-01.pdf
Q8.3, http://ceur-ws.org/Vol-1116/paper1.pdf
Q8.4, http://ceur-ws.org/Vol-1116/paper6.pdf
Q8.5, http://ceur-ws.org/Vol-1184/ldow2014_paper_02.pdf
Q8.6, http://ceur-ws.org/Vol-1215/paper-05.pdf
Q8.7, http://ceur-ws.org/Vol-1303/paper_4.pdf
Q8.8, http://ceur-ws.org/Vol-1313/paper_11.pdf
Q8.9, http://ceur-ws.org/Vol-1313/paper_13.pdf
Q8.10, http://ceur-ws.org/Vol-1313/paper_14.pdf
Q8.11, http://ceur-ws.org/Vol-1313/paper_4.pdf
Q8.12, http://ceur-ws.org/Vol-1315/paper15.pdf
Q8.13, http://ceur-ws.org/Vol-1315/paper3.pdf
Q8.14, http://ceur-ws.org/Vol-1315/paper8.pdf
Q8.15, http://ceur-ws.org/Vol-1317/om2014_Tpaper5.pdf
Q8.16, http://ceur-ws.org/Vol-1317/om2014_poster3.pdf
Q8.17, http://ceur-ws.org/Vol-1317/om2014_poster4.pdf
Q8.18, http://ceur-ws.org/Vol-1317/om2014_poster8.pdf
Q8.19, http://ceur-ws.org/Vol-1319/morse14_paper_04.pdf
Q8.20, http://ceur-ws.org/Vol-1320/paper_25.pdf
Q8.21, http://ceur-ws.org/Vol-1405/paper-02.pdf
Q8.22, http://ceur-ws.org/Vol-1405/paper-03.pdf
Q8.23, http://ceur-ws.org/Vol-1405/paper-04.pdf
Q8.24, http://ceur-ws.org/Vol-1405/paper-07.pdf
Q8.25, http://ceur-ws.org/Vol-1504/uai2015aci_abstract2.pdf
Q8.26, http://ceur-ws.org/Vol-1531/paper2.pdf
Q8.27, http://ceur-ws.org/Vol-1531/paper4.pdf
Q8.28, http://ceur-ws.org/Vol-1531/paper8.pdf
Q8.29, http://ceur-ws.org/Vol-1554/PD_MoDELS_2015_paper_3.pdf
Q8.30, http://ceur-ws.org/Vol-1554/PD_MoDELS_2015_paper_5.pdf
Q8.31, http://ceur-ws.org/Vol-1554/PD_MoDELS_2015_paper_6.pdf
Q8.32, http://ceur-ws.org/Vol-1558/paper5.pdf
Q8.33, http://ceur-ws.org/Vol-1558/paper9.pdf
Q8.34, http://ceur-ws.org/Vol-1559/paper04.pdf
Q8.35, http://ceur-ws.org/Vol-1559/paper05.pdf
Q8.36, http://ceur-ws.org/Vol-1559/paper07.pdf
Q8.37, http://ceur-ws.org/Vol-1560/paper2.pdf
Q8.38, http://ceur-ws.org/Vol-1565/bmaw2015_paper4.pdf
Q8.39, http://ceur-ws.org/Vol-1565/bmaw2015_paper8.pdf
Q8.40, http://ceur-ws.org/Vol-1567/paper2.pdf
